Feature,Category,Impact,Effort,Cost,Complexity,IECC_Score,ROI_Estimate,Time_Estimate,Status,Priority
AI Recommendations Engine,AI/ML,9,3,2,3,9.5,300%,3-4 weeks,Implemented,High
Advanced Analytics & Insights,Analytics,9,2,1,2,9.0,200%,2-3 weeks,Planned,High
Live Collaboration Studio,Collaboration,9,7,4,8,8.5,400%,6-8 weeks,Planned,High
NFT & Digital Ownership,Monetization,8,5,3,6,8.0,250%,4-6 weeks,Planned,High
Gamification System,Engagement,7,3,1,3,7.5,150%,3-4 weeks,Planned,Medium
Mobile API Optimizations,Performance,7,2,1,2,7.0,100%,2-3 weeks,Planned,Medium
Advanced Streaming Features,Streaming,7,3,2,4,7.0,120%,3-4 weeks,Planned,Medium
AI Mastering Assistant,AI/ML,9,10,5,9,6.5,500%,8-12 weeks,Planned,Medium
Multi-tenant & Whitelabel,B2B,8,13,6,10,6.0,300%,10-16 weeks,Planned,Low
AI Stem-Separation & Remix,AI/ML,9,8,4,7,7.5,350%,6-10 weeks,Candidate,High
Real-Time Jam Synchronized,Collaboration,9,9,5,8,7.0,400%,7-11 weeks,Candidate,High
Marketplace B2B Jingles,B2B,7,6,3,5,7.5,200%,4-8 weeks,Candidate,Medium
Plug-in Rent-to-Own,Monetization,7,5,2,4,7.8,180%,3-6 weeks,Candidate,Medium
Spatial Audio Dolby Atmos,Audio,8,12,8,9,5.5,250%,10-15 weeks,Candidate,Low
Green-compute Mode,Infrastructure,6,4,1,3,7.0,50%,2-4 weeks,Candidate,Medium
Edge Cache P2P Streaming,Performance,8,10,6,8,6.0,150%,8-12 weeks,Candidate,Low
Zero-Trust Service Mesh,Security,7,14,7,10,4.5,100%,12-18 weeks,Candidate,Low
Automated Licensing Compliance,Compliance,6,7,3,6,6.5,120%,5-8 weeks,Candidate,Medium
Offline-first Mobile Sync,Mobile,7,8,4,6,6.8,180%,6-10 weeks,Candidate,Medium
Self-Hosting Installer,DevOps,6,9,5,7,5.5,80%,7-12 weeks,Candidate,Low
Analytics Privacy-Preserving,Privacy,7,6,3,5,7.2,150%,4-7 weeks,Candidate,Medium
Accessibility Captions Auto,Accessibility,6,5,2,4,7.0,120%,3-6 weeks,Candidate,Medium
Bounty Quest Engine,Monetization,8,7,4,6,7.3,300%,5-9 weeks,Candidate,High
Label Admin Dashboard,B2B,7,8,4,6,6.8,200%,6-10 weeks,Candidate,Medium
Voice-to-MIDI Conversion,AI/ML,8,9,5,7,6.5,250%,7-11 weeks,Candidate,Medium
Automated Music Transcription,AI/ML,8,10,6,8,6.0,200%,8-12 weeks,Candidate,Low
Social Audio Rooms,Social,8,6,3,5,7.5,300%,4-8 weeks,Candidate,High
Crowdfunding Music Projects,Monetization,8,7,4,6,7.2,350%,5-9 weeks,Candidate,High
AI Music Generation,AI/ML,9,15,8,12,4.5,400%,12-20 weeks,Moonshot,Low
Blockchain Royalty Distribution,Blockchain,7,11,6,9,5.0,200%,9-15 weeks,Moonshot,Low
VR/AR Music Studio,Immersive,8,20,15,15,3.0,500%,18-30 weeks,Moonshot,Low
Quantum Audio Processing,Research,6,25,20,20,2.0,1000%,24-36 weeks,Moonshot,Low
Holographic Concert Platform,Immersive,9,30,25,25,2.5,800%,30-50 weeks,Moonshot,Low
Neural Interface Control,Research,8,40,35,30,1.5,2000%,40-60 weeks,Moonshot,Low 